{"loss": [0.00726534915113532, 0.007153655765387917, 0.0071318755850930905, 0.007118226424373554, 0.007104101318850927, 0.00708809933698139, 0.007065244517868822, 0.0070416286831935185, 0.007015220236702625, 0.006984391912442736, 0.006943631605974127, 0.006902155917499304, 0.006852999672190019, 0.006792425773078472], "val_loss": [0.00598308888444581, 0.0056741547974392586, 0.00566544379633861, 0.005627424705945369, 0.00575404245973546, 0.005648892311172609, 0.005766101417772105, 0.005682998107658676, 0.005697267067234585, 0.005690056628467271, 0.005791907007531846, 0.00599838996633319, 0.005961329385901597, 0.005827283520247366], "training_time_sec": 403.01971197128296, "best_val_loss": 0.005627424705945369}